Model,Accuracy,F1,AUC,Submission_File
Logistic Regression,0.7426470588235294,0.6878980891719745,0.8161247833622183,submission_1_logistic_regression.csv
Gradient Boosting,0.7615546218487395,0.680731364275668,0.810735990756788,submission_2_gradient_boosting.csv
XGBoost,0.7468487394957983,0.6648122392211405,0.7981652224147893,submission_3_xgboost.csv
Random Forest,0.7542016806722689,0.6676136363636364,0.7970745233968805,submission_4_random_forest.csv
LightGBM,0.7321428571428571,0.6453407510431154,0.7957250144425188,submission_5_lightgbm.csv
